Channel 1,Channel 2,Channel 3,Channel 4,Channel 5,Channel 6
123,25,18,2,2,0
124,25,18,2,2,0
124,24,18,2,2,0
123,24,18,2,2,0
123,24,18,1,1,0
123,24,18,1,1,0
121,24,18,1,1,0
121,24,17,1,1,0
120,24,17,1,1,0
120,24,17,1,1,0
119,23,17,2,2,0
119,23,17,2,2,0
118,23,17,2,2,0
117,23,17,2,2,0
117,22,17,2,2,0
120,22,17,2,2,0
119,22,16,1,1,0
118,22,16,1,1,0
118,22,16,1,1,0
117,22,16,1,1,0
117,22,16,2,2,0
115,21,16,1,1,0
115,21,16,1,1,0
115,21,16,1,1,0
114,21,15,1,1,0
113,21,15,1,1,0
113,21,15,1,1,0
112,21,15,2,2,0
112,20,15,1,1,0
142,20,15,1,1,0
141,20,15,1,1,0
140,20,15,1,1,0
139,20,15,1,1,0
138,19,15,1,1,0
137,19,15,1,1,0
137,19,15,1,1,0
135,19,15,1,1,0
135,19,15,1,1,0
134,19,15,1,1,0
134,19,14,1,1,0
133,19,14,1,1,0
132,19,14,1,1,0
131,18,14,1,1,0
134,18,14,1,1,0
133,18,14,1,1,0
132,18,14,1,1,0
131,18,14,1,1,0
131,18,14,1,1,0
130,18,14,1,1,0
129,17,14,1,1,0
128,17,14,1,1,0
127,17,13,1,1,0
127,17,13,1,1,0
126,17,13,1,1,0
126,17,13,1,1,0
125,16,13,1,1,0
134,16,13,1,1,0
140,16,13,1,1,0
140,17,13,1,1,0
138,17,13,1,1,0
138,17,13,1,1,0
137,17,13,1,1,0
135,17,13,1,1,0
135,17,13,1,1,0
135,16,12,1,1,0
134,16,12,1,1,0
133,16,12,1,1,0
132,16,12,1,1,0
131,15,12,1,1,0
131,15,12,1,1,0
131,16,12,1,1,0
130,16,12,1,1,0
129,16,12,1,1,0
128,20,12,2,2,0
127,19,12,2,2,0
127,19,12,2,2,0
126,19,12,2,2,0
126,19,12,3,3,0
125,19,11,2,2,0
125,19,12,2,2,0
124,19,11,2,2,0
123,18,11,2,2,0
122,18,11,2,2,0
122,18,11,2,2,0
121,18,11,2,2,0
121,18,11,2,2,0
120,18,11,2,2,0
120,17,11,2,2,0
120,17,67,2,2,0
118,17,79,2,2,0
118,17,79,2,2,0
117,17,78,2,2,0
117,17,78,2,2,0
116,17,77,2,2,0
115,16,77,2,2,0
115,16,77,2,2,0
114,16,76,2,2,0
114,16,76,2,2,0
115,16,75,2,2,0
114,15,75,2,2,0
114,15,75,2,2,0
113,15,74,2,2,0
112,15,73,2,2,0
112,15,73,2,2,0
111,15,73,2,2,0
111,15,73,2,2,0
110,15,71,2,2,0
110,15,71,2,2,0
109,15,71,2,2,0
109,15,71,2,2,0
108,14,71,2,2,0
108,14,70,2,2,0
108,14,70,2,2,0
108,14,70,2,2,0
107,14,69,2,2,0
107,14,69,2,2,0
106,14,69,2,2,0
106,13,68,2,2,0
105,13,68,2,2,0
105,13,67,2,2,0
103,13,67,2,2,0
103,13,67,2,2,0
103,13,67,2,2,0
103,13,66,2,2,0
102,13,66,2,2,0
102,13,66,2,2,0
101,13,65,2,2,0
101,12,65,2,2,0
100,13,65,1,1,0
100,13,65,2,2,0
99,13,64,1,1,0
99,12,63,1,1,0
98,12,63,1,1,0
98,12,63,2,2,0
98,12,63,1,1,0
97,12,63,2,2,0
97,12,62,2,2,0
96,12,62,2,2,0
96,12,62,2,2,0
96,12,61,2,2,0
97,12,61,2,2,0
96,11,61,2,2,0
96,11,61,2,2,0
96,12,61,2,2,0
95,11,60,2,2,0
94,11,60,2,2,0
94,11,60,2,2,0
93,11,59,2,2,0
93,11,59,2,2,0
93,11,59,2,2,0
92,11,58,2,2,0
92,11,58,2,2,0
92,10,58,2,2,0
91,11,57,2,2,0
91,11,57,2,2,0
99,11,57,2,2,0
99,11,57,2,2,0
99,12,57,2,2,0
98,14,56,2,2,0
97,13,56,2,2,0
97,13,56,2,2,0
96,13,56,2,2,0
96,13,56,2,2,0
96,13,55,1,1,0
95,13,55,1,1,0
95,13,55,1,1,0
94,13,54,2,2,0
93,12,54,2,2,0
93,13,54,2,2,0
102,12,54,2,2,0
108,12,53,2,2,0
108,12,53,2,2,0
107,13,53,2,2,0
106,13,52,2,2,0
105,13,52,2,2,0
105,13,52,2,2,0
105,13,51,2,2,0
103,12,51,1,1,0
103,12,51,2,2,0
103,12,51,2,2,0
102,12,51,1,1,0
102,12,50,1,1,0
101,12,50,2,2,0
114,12,50,2,2,0
114,12,50,2,2,0
114,12,49,1,1,0
113,12,49,2,2,0
112,12,49,1,1,0
112,12,49,2,2,0
111,12,49,1,1,0
111,12,48,1,1,0
110,12,48,1,1,0
109,12,48,1,1,0
109,12,48,1,1,0
108,11,48,1,1,0
108,11,47,2,2,0
107,11,47,1,1,0
121,11,47,1,1,0
120,11,46,2,2,0
120,11,46,2,2,0
118,12,46,1,1,0
118,12,46,1,1,0
117,11,46,1,1,0
116,11,46,1,1,0
115,11,45,1,1,0
115,11,45,1,1,0
114,11,45,1,1,0
114,11,45,1,1,0
113,11,44,1,1,0
112,11,44,1,1,0
112,11,44,1,1,0
119,11,44,1,1,0
118,10,44,1,1,0
117,11,43,1,1,0
117,11,43,2,2,0
116,11,43,6,6,0
115,11,43,6,6,0
115,11,43,6,6,0
114,11,42,6,6,0
113,11,42,6,6,0
113,10,42,6,6,0
112,10,42,6,6,0
112,10,41,6,6,0
111,10,41,6,6,0
110,10,41,6,6,0
115,10,41,5,5,0
114,10,41,6,6,0
113,10,41,6,6,0
113,9,40,6,6,0
112,9,39,5,5,0
112,9,39,5,5,0
111,9,39,5,5,0
111,9,39,5,5,0
110,9,39,5,5,0
109,9,39,5,5,0
109,9,39,5,5,0
108,9,39,5,5,0
108,9,39,5,5,0
107,9,39,5,5,0
114,9,38,5,5,0
113,9,38,5,5,0
113,9,38,5,5,0
112,10,38,5,5,0
112,9,38,5,5,0
111,10,37,5,5,0
111,9,37,5,5,0
110,9,37,5,5,0
109,9,37,4,4,0
109,9,37,4,4,0
108,9,36,5,5,0
108,9,36,4,4,0
107,9,36,4,4,0
107,9,36,4,4,0
106,9,35,4,4,0
113,9,35,4,4,0
112,9,35,4,4,0
112,9,35,4,4,0
111,9,35,4,4,0
110,9,35,4,4,0
110,9,35,4,4,0
109,9,34,4,4,0
109,9,35,3,3,0
108,9,34,4,4,0
107,9,34,4,4,0
107,9,34,3,3,0
106,9,34,3,3,0
106,9,33,3,3,0
105,9,33,3,3,0
105,7,33,3,3,0
105,7,33,3,3,0
103,8,33,3,3,0
103,11,33,3,3,0
103,11,32,3,3,0
103,11,32,3,3,0
102,11,32,3,3,0
102,11,31,3,3,0
101,10,31,3,3,0
101,10,31,3,3,0
100,10,31,3,3,0
99,10,31,3,3,0
99,10,31,3,3,0
99,10,31,3,3,0
98,10,31,3,3,0
106,12,31,3,3,0
105,13,30,3,3,0
105,16,30,3,3,0
103,16,30,3,3,0
103,15,30,3,3,0
103,15,30,3,3,0
103,15,30,3,3,0
102,15,30,3,3,0
102,15,30,3,3,0
101,15,29,3,3,0
100,15,29,3,3,0
99,15,29,3,3,0
99,15,29,3,3,0
99,14,29,3,3,0
120,14,29,3,3,0
120,14,29,3,3,0
119,15,29,3,3,0
119,15,28,3,3,0
118,15,28,3,3,0
117,15,28,3,3,0
116,14,28,3,3,0
115,14,28,3,3,0
115,14,28,3,3,0
114,14,27,2,2,0
114,14,27,3,3,0
113,14,28,3,3,0
112,14,27,2,2,0
112,14,27,3,3,0
115,13,27,3,3,0
115,13,27,3,3,0
115,15,27,2,2,0
114,15,27,3,3,0
113,15,27,2,2,0
113,15,26,2,2,0
112,14,26,2,2,0
111,14,26,2,2,0
111,14,26,3,3,0
110,14,26,2,2,0
110,14,26,2,2,0
109,14,25,2,2,0
109,14,26,2,2,0
108,13,26,2,2,0
109,13,26,2,2,0
108,13,26,2,2,0
107,14,26,2,2,0
107,14,25,2,2,0
106,14,25,2,2,0
106,13,25,2,2,0
105,13,25,2,2,0
105,13,25,2,2,0
103,13,25,2,2,0
103,13,25,2,2,0
103,13,25,2,2,0
103,13,25,2,2,0
102,12,24,2,2,0
107,12,24,2,2,0
107,12,24,2,2,0
106,12,24,2,2,0
105,12,24,2,2,0
105,12,25,2,2,0
103,12,24,2,2,0
103,12,24,3,3,0
103,12,24,2,2,0
103,12,24,2,2,0
102,12,24,2,2,0
102,12,24,2,2,0
101,11,24,2,2,0
101,11,24,2,2,0
100,11,24,2,2,0
111,11,24,2,2,0
110,11,23,2,2,0
109,11,23,2,2,0
109,11,23,2,2,0
108,11,23,2,2,0
108,11,47,2,2,0
107,11,50,2,2,0
107,11,49,2,2,0
105,10,49,2,2,0
105,10,49,2,2,0
103,10,48,2,2,0
103,10,48,2,2,0
103,10,48,2,2,0
103,10,48,2,2,0
103,10,47,2,2,0
103,9,47,2,2,0
103,10,47,2,2,0
103,10,46,2,2,0
102,10,46,2,2,0
101,10,46,2,2,0
101,9,46,2,2,0
100,9,46,2,2,0
100,9,45,2,2,0
99,9,45,2,2,0
99,9,45,2,2,0
98,9,45,2,2,0
98,9,44,2,2,0
97,9,44,2,2,0
102,9,44,2,2,0
111,9,44,2,2,0
111,9,43,2,2,0
110,11,43,1,1,0
109,11,43,1,1,0
109,10,43,2,2,0
108,10,42,2,2,0
108,10,42,2,2,0
107,10,42,2,2,0
107,10,41,2,2,0
106,10,41,2,2,0
105,10,41,2,2,0
103,9,41,2,2,0
103,10,41,2,2,0
116,10,40,2,2,0
140,14,39,2,2,0
139,17,39,2,2,0
138,22,39,2,2,0
137,21,39,2,2,0
135,21,39,2,2,0
135,21,39,2,2,0
135,21,39,2,2,0
134,21,39,2,2,0
134,21,39,2,2,0
133,20,39,2,2,0
132,20,38,2,2,0
131,20,38,2,2,0
131,19,38,2,2,0
130,25,38,2,2,0
130,28,38,2,2,0
129,29,37,2,2,0
128,34,37,2,2,0
127,34,37,2,2,0
127,33,37,2,2,0
127,33,37,2,2,0
125,33,37,2,2,0
125,32,37,2,2,0
124,32,36,2,2,0
124,32,36,2,2,0
123,31,36,2,2,0
123,31,35,2,2,0
121,31,35,2,2,0
123,31,35,2,2,0
122,31,35,2,2,0
121,31,35,2,2,0
121,31,35,2,2,0
120,31,35,2,2,0
120,31,35,2,2,0
119,31,34,2,2,0
118,31,34,2,2,0
117,31,34,2,2,0
117,31,34,2,2,0
116,30,34,2,2,0
115,30,33,2,2,0
115,30,33,2,2,0
115,30,33,2,2,0
115,30,33,2,2,0
114,29,33,2,2,0
113,29,32,2,2,0
113,29,32,2,2,0
112,29,32,2,2,0
112,29,32,2,2,0
111,28,31,2,2,0
110,28,31,2,2,0
110,28,31,2,2,0
109,28,31,2,2,0
109,28,31,2,2,0
108,28,31,2,2,0
108,27,31,2,2,0
107,27,31,2,2,0
109,27,31,2,2,0
108,27,31,2,2,0
108,27,31,2,2,0
107,26,31,1,1,0
107,26,31,2,2,0
106,26,31,1,1,0
105,26,30,1,1,0
105,25,30,2,2,0
103,25,30,2,2,0
103,25,30,2,2,0
103,25,30,1,1,0
103,25,30,1,1,0
102,25,30,1,1,0
102,24,29,1,1,0
107,24,29,1,1,0
106,24,29,1,1,0
105,24,29,2,2,0
105,24,29,2,2,0
103,24,29,2,2,0
103,24,28,2,2,0
103,24,28,2,2,0
102,24,28,2,2,0
102,23,28,2,2,0
101,23,28,2,2,0
101,23,28,2,2,0
100,22,28,2,2,0
99,22,27,1,1,0
101,22,27,1,1,0
121,22,27,1,1,0
120,22,27,1,1,0
120,22,27,2,2,0
119,23,27,3,3,0
118,22,27,3,3,0
117,22,26,3,3,0
117,22,26,2,2,0
116,22,26,2,2,0
115,21,26,3,3,0
115,21,26,3,3,0
114,21,25,2,2,0
113,21,25,2,2,0
113,21,25,2,2,0
117,21,25,2,2,0
122,21,25,2,2,0
121,20,25,2,2,0
121,20,25,2,2,0
120,20,25,2,2,0
120,20,24,3,3,0
119,20,24,3,3,0
118,19,24,3,3,0
117,19,24,3,3,0
117,19,24,3,3,0
116,19,24,3,3,0
115,19,24,3,3,0
115,19,24,3,3,0
114,19,24,3,3,0
117,19,24,3,3,0
116,19,24,2,2,0
115,18,23,3,3,0
115,18,23,2,2,0
115,18,23,2,2,0
114,18,23,2,2,0
113,18,22,2,2,0
112,18,23,2,2,0
112,18,22,3,3,0
112,17,22,3,3,0
111,17,22,3,3,0
110,17,22,3,3,0
110,17,22,3,3,0
109,17,22,3,3,0
109,17,22,3,3,0
108,17,22,3,3,0
108,16,21,3,3,0
107,16,22,2,2,0
107,16,21,3,3,0
106,16,21,3,3,0
105,16,21,3,3,0
105,15,24,2,2,0
103,15,53,3,3,0
103,15,53,3,3,0
103,15,52,3,3,0
103,15,52,3,3,0
102,15,51,3,3,0
102,15,51,3,3,0
122,15,51,3,3,0
121,15,51,3,3,0
121,14,51,3,3,0
120,14,50,3,3,0
120,14,50,2,2,0
119,14,50,3,3,0
118,14,49,3,3,0
118,14,49,3,3,0
117,14,49,3,3,0
116,14,49,2,2,0
115,14,48,3,3,0
115,14,48,2,2,0
115,13,48,2,2,0
114,13,48,2,2,0
113,13,48,3,3,0
113,13,47,2,2,0
112,13,47,2,2,0
111,14,47,2,2,0
111,14,47,2,2,0
110,14,46,2,2,0
110,13,46,2,2,0
109,13,46,2,2,0
109,13,46,2,2,0
108,13,45,2,2,0
108,13,45,2,2,0
107,13,45,3,3,0
107,12,45,3,3,0
107,12,44,3,3,0
118,12,44,3,3,0
117,12,44,3,3,0
118,13,44,3,3,0
117,13,44,3,3,0
116,13,43,3,3,0
115,13,43,3,3,0
115,12,43,3,3,0
114,12,43,3,3,0
113,12,42,3,3,0
113,12,42,3,3,0
112,12,42,3,3,0
112,12,42,3,3,0
111,12,41,3,3,0
126,12,41,3,3,0
145,12,41,3,3,0
143,12,41,3,3,0
143,13,41,3,3,0
142,13,40,3,3,0
141,13,39,3,3,0
140,12,39,3,3,0
140,12,39,3,3,0
139,12,39,3,3,0
138,12,39,2,2,0
137,12,39,3,3,0
137,12,39,2,2,0
135,12,39,2,2,0
135,12,39,2,2,0
135,12,38,2,2,0
135,11,38,2,2,0
134,12,38,3,3,0
133,22,38,3,3,0
132,22,38,3,3,0
131,21,37,3,3,0
131,21,37,3,3,0
130,21,37,3,3,0
130,21,37,3,3,0
129,21,37,3,3,0
128,20,37,3,3,0
127,20,36,3,3,0
127,20,36,3,3,0
126,20,36,3,3,0
128,20,35,3,3,0
127,19,35,3,3,0
127,20,35,3,3,0
126,21,35,3,3,0
125,21,35,3,3,0
125,21,35,3,3,0
124,21,35,3,3,0
124,20,34,3,3,0
123,20,34,3,3,0
122,20,34,3,3,0
121,20,34,3,3,0
121,20,34,3,3,0
120,19,33,3,3,0
120,19,33,3,3,0
123,19,33,3,3,0
122,19,33,3,3,0
121,19,33,3,3,0
121,19,33,3,3,0
120,19,33,3,3,0
120,19,33,3,3,0
119,19,32,3,3,0
118,19,31,3,3,0
118,18,32,3,3,0
117,18,31,3,3,0
116,18,31,3,3,0
115,18,31,3,3,0
115,18,31,3,3,0
115,17,31,3,3,0
115,17,31,3,3,0
115,17,31,3,3,0
114,18,30,3,3,0
113,19,30,3,3,0
113,19,30,3,3,0
112,18,30,3,3,0
112,18,30,3,3,0
112,18,30,3,3,0
111,18,30,3,3,0
110,17,30,3,3,0
110,18,30,3,3,0
109,17,29,3,3,0
109,17,29,3,3,0
108,17,29,3,3,0
109,17,29,3,3,0
108,17,29,3,3,0
108,17,28,3,3,0
107,17,28,3,3,0
107,17,28,3,3,0
106,16,28,3,3,0
105,16,28,3,3,0
105,16,28,3,3,0
103,16,28,2,2,0
103,16,28,3,3,0
103,15,27,3,3,0
103,15,27,3,3,0
103,15,27,3,3,0
102,15,27,3,3,0
103,15,27,3,3,0
103,15,27,2,2,0
103,15,26,2,2,0
103,15,26,2,2,0
102,15,26,2,2,0
101,15,26,3,3,0
101,15,26,2,2,0
101,14,25,2,2,0
99,14,26,2,2,0
99,14,27,2,2,0
99,14,27,2,2,0
98,14,27,2,2,0
98,14,27,2,2,0
102,14,26,2,2,0
108,13,26,2,2,0
107,14,26,2,2,0
107,13,26,2,2,0
105,13,25,2,2,0
105,13,25,2,2,0
105,13,25,2,2,0
103,13,25,2,2,0
103,13,25,2,2,0
103,13,25,2,2,0
102,13,26,2,2,0
102,13,25,2,2,0
101,12,25,2,2,0
101,12,25,2,2,0
103,12,25,2,2,0
105,12,25,2,2,0
103,12,25,2,2,0
103,12,25,2,2,0
103,12,24,2,2,0
103,12,24,2,2,0
102,12,24,2,2,0
102,12,24,2,2,0
101,12,24,2,2,0
100,12,24,2,2,0
100,12,24,2,2,0
99,12,24,2,2,0
99,12,24,2,2,0
98,11,24,2,2,0
103,12,23,2,2,0
103,11,23,2,2,0
103,11,23,2,2,0
103,12,23,2,2,0
102,12,23,2,2,0
101,12,22,2,2,0
101,12,22,1,1,0
100,12,22,2,2,0
99,12,22,1,1,0
99,12,22,1,1,0
99,11,22,2,2,0
98,11,22,2,2,0
98,11,23,1,1,0
97,11,23,2,2,0
98,11,23,1,1,0
101,11,23,2,2,0
99,11,22,1,1,0
99,12,22,1,1,0
99,13,22,2,2,0
98,13,22,2,2,0
98,12,22,1,1,0
97,12,22,1,1,0
97,12,22,1,1,0
96,12,22,1,1,0
96,12,21,1,1,0
96,12,21,1,1,0
95,12,21,1,1,0
94,12,21,1,1,0
94,12,21,1,1,0
100,12,21,1,1,0
99,13,21,1,1,0
99,12,21,1,1,0
99,13,20,1,1,0
98,13,20,1,1,0
98,13,20,1,1,0
97,13,20,1,1,0
96,13,20,1,1,0
96,13,19,1,1,0
96,13,19,1,1,0
95,12,19,1,1,0
95,12,19,1,1,0
94,12,19,1,1,0
94,12,19,1,1,0
93,12,19,1,1,0
109,13,19,1,1,0
108,13,19,1,1,0
108,13,19,1,1,0
107,14,19,1,1,0
107,14,19,1,1,0
106,14,19,1,1,0
105,14,18,1,1,0
105,14,18,1,1,0
103,13,18,1,1,0
103,13,18,1,1,0
103,13,18,1,1,0
102,13,18,1,1,0
102,13,18,1,1,0
102,13,18,1,1,0
117,13,18,1,1,0
116,12,17,1,1,0
115,13,17,1,1,0
115,13,17,1,1,0
115,12,17,1,1,0
114,13,17,1,1,0
113,12,17,1,1,0
112,12,17,1,1,0
112,12,17,1,1,0
111,12,16,1,1,0
111,12,17,1,1,0
110,12,16,1,1,0
110,12,16,1,1,0
115,12,16,1,1,0
122,12,16,1,1,0
121,12,16,1,1,0
120,13,16,1,1,0
120,12,16,1,1,0
119,12,16,1,1,0
118,12,15,1,1,0
118,12,15,1,1,0
117,12,15,1,1,0
116,12,15,1,1,0
115,12,15,1,1,0
115,12,15,1,1,0
115,11,15,1,1,0
114,11,15,1,1,0
116,12,15,1,1,0
121,11,15,1,1,0
121,12,15,1,1,0
120,12,15,1,1,0
120,12,15,1,1,0
118,12,14,1,1,0
118,12,15,1,1,0
117,12,14,1,1,0
117,12,14,1,1,0
115,11,14,1,1,0
115,11,14,1,1,0
114,11,14,1,1,0
114,11,14,1,1,0
113,11,14,1,1,0
121,11,14,1,1,0
121,11,14,1,1,0
120,11,14,1,1,0
120,13,14,1,1,0
119,13,14,1,1,0
118,13,13,1,1,0
117,13,13,1,1,0
116,13,13,1,1,0
116,13,13,1,1,0
115,12,13,1,1,0
115,12,13,1,1,0
114,12,13,1,1,0
113,12,13,1,1,0
113,12,13,1,1,0
119,12,13,1,1,0
118,12,13,1,1,0
117,13,13,1,1,0
116,15,13,1,1,0
115,15,13,1,1,0
115,14,13,1,1,0
114,14,13,1,1,0
114,14,12,1,1,0
113,14,12,1,1,0
113,14,12,1,1,0
112,14,12,1,1,0
111,14,12,1,1,0
111,14,12,1,1,0
110,13,12,1,1,0
117,14,12,1,1,0
116,14,12,1,1,0
115,14,12,1,1,0
115,14,12,1,1,0
114,14,12,1,1,0
113,14,12,1,1,0
113,14,12,1,1,0
112,14,12,1,1,0
112,14,11,1,1,0
111,13,11,1,1,0
110,13,11,1,1,0
110,13,11,1,1,0
109,13,22,1,1,0
109,13,22,1,1,0
114,13,22,1,1,0
113,13,22,1,1,0
113,16,22,1,1,0
112,16,21,1,1,0
112,16,21,1,1,0
111,16,21,1,1,0
110,16,21,1,1,0
110,16,21,1,1,0
109,15,21,1,1,0
109,15,21,1,1,0
108,15,21,1,1,0
107,15,20,1,1,0
107,15,20,1,1,0
108,15,20,1,1,0
112,15,20,1,1,0
112,15,19,1,1,0
111,15,19,1,1,0
110,15,19,1,1,0
110,15,19,1,1,0
109,14,19,1,1,0
108,15,19,1,1,0
108,14,19,1,1,0
107,14,19,1,1,0
107,14,19,1,1,0
106,14,19,1,1,0
105,14,19,1,1,0
105,14,18,1,1,0
114,13,18,1,1,0
115,13,18,1,1,0
115,13,18,1,1,0
114,13,18,1,1,0
113,13,18,1,1,0
113,13,18,1,1,0
112,13,20,1,1,0
112,13,20,1,1,0
111,12,20,1,1,0
110,13,20,1,1,0
110,12,19,1,1,0
109,12,19,1,1,0
108,12,19,1,1,0
108,12,19,1,1,0
109,12,19,1,1,0
108,12,20,1,1,0
107,12,21,1,1,0
107,14,20,1,1,0
106,14,20,1,1,0
105,14,20,1,1,0
105,14,20,1,1,0
105,14,20,1,1,0
103,14,19,1,1,0
103,14,19,1,1,0
103,14,19,1,1,0
102,13,19,1,1,0
102,13,19,1,1,0
101,13,19,1,1,0
113,13,19,1,1,0
112,13,19,1,1,0
112,13,19,1,1,0
111,14,19,1,1,0
111,13,19,1,1,0
110,14,19,1,1,0
110,13,18,1,1,0
109,14,19,1,1,0
108,13,19,1,1,0
108,13,20,1,1,0
107,13,19,1,1,0
107,13,19,1,1,0
106,13,19,1,1,0
105,13,19,1,1,0
116,13,19,1,1,0
115,13,19,1,1,0
115,15,19,1,1,0
114,15,19,1,1,0
113,15,18,1,1,0
113,15,18,1,1,0
112,15,18,1,1,0
112,15,18,1,1,0
111,15,18,1,1,0
110,15,18,1,1,0
110,14,18,1,1,0
109,14,18,1,1,0
108,14,17,1,1,0
108,14,17,1,1,0
113,14,17,1,1,0
113,14,17,1,1,0
112,14,17,1,1,0
112,14,17,1,1,0
111,14,17,1,1,0
110,13,17,1,1,0
110,14,17,1,1,0
109,13,17,1,1,0
108,13,16,1,1,0
108,13,16,1,1,0
108,13,16,1,1,0
107,13,16,1,1,0
106,13,16,1,1,0
109,12,16,1,1,0
117,12,15,1,1,0
116,12,15,1,1,0
115,14,15,1,1,0
114,14,15,1,1,0
114,13,15,1,1,0
113,13,15,1,1,0
113,13,15,1,1,0
112,13,15,0,0,0
112,13,15,1,1,0
111,13,15,1,1,0
110,13,15,1,1,0
110,13,15,1,1,0
109,12,15,0,0,0
114,12,15,1,1,0
115,12,14,1,1,0
115,12,14,2,2,0
114,12,14,2,2,0
113,12,14,2,2,0
113,12,14,2,2,0
112,12,14,2,2,0
112,12,14,2,2,0
111,12,14,2,2,0
110,12,14,2,2,0
110,11,14,1,1,0
109,11,14,2,2,0
108,11,14,1,1,0
108,11,14,2,2,0
110,11,14,2,2,0
109,11,14,2,2,0
109,11,13,2,2,0
108,12,13,1,1,0
107,12,14,2,2,0
107,12,13,2,2,0
106,12,13,2,2,0
105,12,13,1,1,0
105,12,13,1,1,0
103,12,13,1,1,0
103,12,13,1,1,0
103,11,13,1,1,0
103,11,13,1,1,0
103,11,13,1,1,0
110,11,12,1,1,0
109,12,12,2,2,0
109,12,12,1,1,0
108,13,12,1,1,0
108,13,12,2,2,0
107,13,12,1,1,0
106,13,12,1,1,0
105,13,12,2,2,0
105,12,12,1,1,0
104,12,12,1,1,0
103,12,12,2,2,0
103,12,12,1,1,0
103,12,12,2,2,0
102,12,12,2,2,0
108,12,12,1,1,0
107,12,11,1,1,0
107,13,11,1,1,0
106,13,11,1,1,0
105,13,11,1,1,0
105,13,11,1,1,0
103,13,11,1,1,0
103,12,11,2,2,0
